{
  "env_id": "Humanoid-v5",
  "model_path": "./experts/Humanoid-v5/ppo_Humanoid-v5_20260125_231252/best_model/best_model.zip",
  "vecnorm_path": "./experts/Humanoid-v5/ppo_Humanoid-v5_20260125_231252/best_model/vec_normalize.pkl",
  "num_episodes": 50,
  "deterministic": true,
  "max_episode_length": null,
  "timestamp": "2026-02-03T17:41:32.956040",
  "video_interval": 5,
  "video_dir": "./demos/Humanoid-v5/ppo_Humanoid-v5_20260125_231252/videos",
  "obs_dim": 348,
  "action_dim": 17,
  "format": "universal_v1",
  "episode_returns": [
    5775.2769647836685,
    5734.75866818428,
    5697.941454648972,
    5768.766925573349,
    5796.625151634216,
    5765.344664573669,
    5710.724543720484,
    5734.216380953789,
    5741.474230647087,
    5684.204605579376,
    5757.5652940273285,
    5744.987988471985,
    5742.403248786926,
    5774.59628111124,
    5752.147008657455,
    5756.003099679947,
    5768.033827424049,
    5774.379299283028,
    5780.375027418137,
    5751.490683794022,
    5732.122242689133,
    5814.0892329216,
    5765.836330771446,
    5728.953852295876,
    5747.529083251953,
    5761.2424783706665,
    5765.468472003937,
    5752.340136408806,
    5773.258724093437,
    5731.902460575104,
    5708.70258641243,
    5729.526048541069,
    5746.729776263237,
    5755.721563577652,
    5752.526720881462,
    5754.431938171387,
    5743.3750121593475,
    5755.0392082333565,
    5744.680534482002,
    5772.243823766708,
    5759.103225231171,
    5762.788059473038,
    5751.848302721977,
    5795.648652553558,
    5731.930404424667,
    5694.238447904587,
    5761.233043909073,
    5761.29953199625,
    5737.796949028969,
    5729.452374219894
  ],
  "episode_lengths": [
    1000,
    1000,
    1000,
    1000,
    1000,
    1000,
    1000,
    1000,
    1000,
    1000,
    1000,
    1000,
    1000,
    1000,
    1000,
    1000,
    1000,
    1000,
    1000,
    1000,
    1000,
    1000,
    1000,
    1000,
    1000,
    1000,
    1000,
    1000,
    1000,
    1000,
    1000,
    1000,
    1000,
    1000,
    1000,
    1000,
    1000,
    1000,
    1000,
    1000,
    1000,
    1000,
    1000,
    1000,
    1000,
    1000,
    1000,
    1000,
    1000,
    1000
  ],
  "summary": {
    "mean_return": 5750.647491325736,
    "std_return": 24.856749126975735,
    "min_return": 5684.204605579376,
    "max_return": 5814.0892329216,
    "mean_length": 1000.0,
    "std_length": 0.0,
    "min_length": 1000,
    "max_length": 1000,
    "total_transitions": 50000
  }
}