{
  "env_id": "Hopper-v5",
  "model_path": "./experts/Hopper-v5/ppo_Hopper-v5_20260202_180805/best_model/best_model.zip",
  "vecnorm_path": "./experts/Hopper-v5/ppo_Hopper-v5_20260202_180805/best_model/vec_normalize.pkl",
  "num_episodes": 50,
  "deterministic": true,
  "max_episode_length": null,
  "timestamp": "2026-02-03T17:38:21.803082",
  "video_interval": 5,
  "video_dir": "./demos/Hopper-v5/ppo_Hopper-v5_20260202_180805/videos",
  "obs_dim": 11,
  "action_dim": 3,
  "format": "universal_v1",
  "episode_returns": [
    3314.162270605564,
    3368.438159584999,
    3318.0350779294968,
    3325.827319085598,
    3315.8798456192017,
    3313.387031674385,
    3312.0785679221153,
    3310.012851178646,
    3315.3083673119545,
    3315.7217071652412,
    3308.6675693392754,
    3206.150890469551,
    3313.6738021969795,
    3315.5067521333694,
    2580.5520315766335,
    2637.932856619358,
    3312.7554171085358,
    3313.726602137089,
    3316.824019730091,
    3315.7946084737778,
    3314.9344440102577,
    3312.439837217331,
    3310.85709297657,
    3317.6419394612312,
    2121.8881782889366,
    3323.113929629326,
    3315.154171228409,
    3317.473981022835,
    3317.1705622673035,
    3311.4612475037575,
    2799.6185986995697,
    3317.308667719364,
    3361.0734860897064,
    3315.8933007717133,
    3312.630986094475,
    3314.5001829862595,
    3473.558909058571,
    3310.7353678941727,
    3314.8691162467003,
    3313.4677802324295,
    3313.5488944649696,
    3317.257661640644,
    3315.2491589188576,
    2714.660071849823,
    3318.221220433712,
    3318.0929039120674,
    3314.6807454824448,
    3313.973957121372,
    3312.727160334587,
    1502.7230348587036
  ],
  "episode_lengths": [
    1000,
    1000,
    1000,
    1000,
    1000,
    1000,
    1000,
    1000,
    1000,
    1000,
    1000,
    911,
    1000,
    1000,
    736,
    748,
    1000,
    1000,
    1000,
    1000,
    1000,
    1000,
    1000,
    1000,
    597,
    1000,
    1000,
    1000,
    1000,
    1000,
    792,
    1000,
    958,
    1000,
    1000,
    1000,
    990,
    1000,
    1000,
    1000,
    1000,
    1000,
    1000,
    769,
    1000,
    1000,
    1000,
    1000,
    1000,
    418
  ],
  "summary": {
    "mean_return": 3207.347246725559,
    "std_return": 340.4302667955242,
    "min_return": 1502.7230348587036,
    "max_return": 3473.558909058571,
    "mean_length": 958.38,
    "std_length": 114.37934953478273,
    "min_length": 418,
    "max_length": 1000,
    "total_transitions": 47919
  }
}