{
  "env_id": "Ant-v5",
  "model_path": "./experts/Ant-v5/ppo_Ant-v5_20260202_152512/best_model/best_model.zip",
  "vecnorm_path": "./experts/Ant-v5/ppo_Ant-v5_20260202_152512/best_model/vec_normalize.pkl",
  "num_episodes": 50,
  "deterministic": true,
  "max_episode_length": null,
  "timestamp": "2026-02-03T17:35:14.801208",
  "video_interval": 5,
  "video_dir": "./demos/Ant-v5/ppo_Ant-v5_20260202_152512/videos",
  "obs_dim": 105,
  "action_dim": 8,
  "format": "universal_v1",
  "episode_returns": [
    110.78526186943054,
    3103.305853366852,
    3207.604422837496,
    3139.381609648466,
    3148.7507305089384,
    938.5382716357708,
    3049.460904508829,
    3028.016770467162,
    3162.5579360723495,
    3162.669245839119,
    3090.832510948181,
    866.5870352685452,
    3139.587862342596,
    3181.5862508416176,
    3218.1729587316513,
    2862.4565975926816,
    3281.120199471712,
    3150.425256252289,
    3032.668188840151,
    2976.930439338088,
    3014.4852903187275,
    3073.136903837323,
    3331.8048203885555,
    3257.1686996743083,
    3182.030273567885,
    3286.0712088644505,
    3125.617886170745,
    3358.833688005805,
    3026.8701282143593,
    3041.9755193060264,
    3206.601639956236,
    3029.735003069043,
    2836.4879197478294,
    3223.2354284226894,
    2961.0584368258715,
    1498.5966436006129,
    1876.7588518485427,
    3112.7298325896263,
    3179.4966888278723,
    3045.9486695826054,
    3075.8404403217137,
    2147.239144373685,
    2084.253389298916,
    3120.732204154134,
    3186.864712178707,
    3130.0489226579666,
    3084.7198140621185,
    3243.9329610466957,
    2376.978425949812,
    3112.2850926741958
  ],
  "episode_lengths": [
    37,
    1000,
    1000,
    1000,
    1000,
    306,
    1000,
    1000,
    1000,
    1000,
    1000,
    279,
    1000,
    1000,
    1000,
    907,
    1000,
    1000,
    1000,
    1000,
    1000,
    1000,
    1000,
    1000,
    1000,
    1000,
    1000,
    1000,
    1000,
    1000,
    1000,
    1000,
    898,
    1000,
    1000,
    1000,
    1000,
    1000,
    1000,
    1000,
    1000,
    657,
    629,
    1000,
    1000,
    1000,
    1000,
    1000,
    746,
    1000
  ],
  "summary": {
    "mean_return": 2861.65953891838,
    "std_return": 675.3875578263435,
    "min_return": 110.78526186943054,
    "max_return": 3358.833688005805,
    "mean_length": 929.18,
    "std_length": 200.8447848464082,
    "min_length": 37,
    "max_length": 1000,
    "total_transitions": 46459
  }
}